Design,material,thickness,dome_height,cut_length,cut_geometry,crack_pressure,ss_P_diff
5,DS20,0.2,1.3392507022466027,0.75,X,0.01,0.035
6,DS20,0.20000000052802303,1.1267727755585915,0.7524168655582841,X,,
7,DS20,0.6061525827433261,1.0515255495853855,0.75,X,,
8,DS20,0.7431156466073972,1.1187854363970031,0.7980796322106559,X,,
