Design,material,lubricant,z_sh,z_r2,x_s,x_r2,Cl,g_thickness_h,p1_offset,p2_offset,gear_ratio
10,ABS,LI,7,77,-0.3571436273409539,0.7603974444783945,0.0003,6,2,2,104.73239436619713
11,ABS,None,8,76,-0.40127386991314085,0.06323280418291645,0.0003,6,2,-1,26.2815934065934
