Design,material,lubricant,z_sh,z_r2,x_s,x_r2,Cl,g_thickness_h,p1_offset,p2_offset,gear_ratio
10,ABS,LI,7,77,-0.3571436273409539,0.7603974444783945,0.0003,6,2,2,104.73239436619713
11,ABS,,8,76,-0.4012738699131408,0.0632328041829164,0.0003,6,2,-1,26.2815934065934
12,PLA,PTFE,6,76,0.3897189334019885,0.2523106536827981,7.012641362331293e-06,3,1,2,71.16949152542375
13,ABS,LI,9,76,0.7964911718196166,-0.1088977183680981,0.0003,6,1,2,38.92682926829268
14,ABS,LI,7,79,0.6511742681307773,-0.1666652670231254,0.0,3,0,0,53.880184331797246
15,PLA,LI,6,76,-0.648759778530783,0.4417264688653101,6.337799730449359e-05,3,2,1,63.66826923076922
16,PLA,LI,6,76,0.33175356473726386,0.5676595422250252,0.0003,6,2,1,56.743243243243256
17,PLA,LI,6,76,-0.8,0.7873808626897408,2.978553985104956e-08,6,2,2,112.22881355932205
