Design,material,lubricant,z_sh,z_r2,x_s,x_r2,Cl,g_thickness_h,p1_offset,p2_offset,gear_ratio
10,ABS,LI,7,77,-0.3571436273409539,0.7603974444783945,0.0003,6,2,2,104.73239436619713
11,ABS,,8,76,-0.4012738699131408,0.0632328041829164,0.0003,6,2,-1,26.2815934065934
12,PLA,PTFE,6,76,0.3897189334019885,0.25231065368279815,7.012641362331293e-06,3,1,2,71.16949152542375
13,ABS,LI,9,76,0.7964911718196166,-0.10889771836809815,0.0003,6,1,2,38.92682926829268
