Design,material,lubricant,z_sh,z_r2,x_s,x_r2,Cl,g_thickness_h,p1_offset,p2_offset,gear_ratio
32,PLA,LI,6,76,-0.5872199743987603,-0.0764177527744323,3.3018025378917766e-05,6,2,2,63.66826923076922
